family,operation,queries,variant,qps,over_luxir,server_cpu_us,peak_rss_mib,peak_anonymous_rss_mib,p99_us_min,p99_us_max
and_high_high,TOP_10,47,default,2768.6322537319256,1.2029602088618578,10427.126190050287,3871.6953125,355.046875,45535,45727
and_high_high,TOP_10,47,pairs,2747.4282060468736,1.1937471306000034,10520.567746080183,3940.92578125,357.46484375,45951,46015
and_high_high,TOP_10,47,rgbpairs,4485.779602705261,1.9490542163932596,6364.185507532237,3661.4140625,357.0546875,18703,18831
and_high_high,TOP_10,47,luxir,2301.516071218497,1,12948.318804483188,1159.64453125,27.0703125,36383,36511
and_high_high,TOP_100,47,default,1580.8029332036078,0.9014879627348203,18462.527361801185,3872.20703125,355.55859375,57471,57919
and_high_high,TOP_100,47,pairs,1583.0538320611395,0.9027715877729433,18426.43122805798,3941.4296875,357.96875,57119,57535
and_high_high,TOP_100,47,rgbpairs,2470.2771806429755,1.408730396555586,11749.462943071965,3662.0078125,357.6484375,31167,31631
and_high_high,TOP_100,47,luxir,1753.5485758544878,1,16997.296277665995,1161.00390625,28.4296875,45151,45439
and_high_high,COUNT,47,default,3585.278091723525,0.8434208571946611,8063.06027820711,3872.6484375,356.0,15815,17423
and_high_high,COUNT,47,pairs,3582.5731500472743,0.8427845315962336,8071.1350081888695,3941.85546875,358.39453125,15327,17247
and_high_high,COUNT,47,rgbpairs,4705.629949088085,1.1069786900108596,6125.724791401499,3662.47265625,358.11328125,10951,12799
and_high_high,COUNT,47,luxir,4250.876725587123,1,7031.681517377938,1161.06640625,28.4921875,15551,15631
and_high_low,TOP_10,50,default,35004.9038467564,0.6305851257710294,719.1820093011404,3872.765625,356.1171875,1879,1943
and_high_low,TOP_10,50,pairs,34806.57325684102,0.627012360065586,715.3037463351416,3941.95703125,358.49609375,1847,1881
and_high_low,TOP_10,50,rgbpairs,58556.57547048309,1.054849505355715,443.6559596223014,3662.5390625,358.1796875,1393,1483
and_high_low,TOP_10,50,luxir,55511.78170267683,1,507.4066659993995,1161.21875,28.64453125,1152,1277
and_high_low,TOP_100,50,default,27937.378413610724,0.789013453498961,897.5129088464384,3873.01953125,356.37109375,2419,2479
and_high_low,TOP_100,50,pairs,27947.740694411412,0.7893061072633777,903.0285196201626,3942.1953125,358.734375,2407,2501
and_high_low,TOP_100,50,rgbpairs,48553.73457505912,1.3712650210112556,530.7003799376454,3662.7421875,358.3828125,1583,1715
and_high_low,TOP_100,50,luxir,35407.987392001436,1,797.7298353282599,1161.25,28.67578125,1806,2083
and_high_low,COUNT,50,default,51961.30192068906,0.9584835288167116,482.60915190570114,3873.078125,356.4296875,1299,1371
and_high_low,COUNT,50,pairs,51946.616045853036,0.9582126316563965,482.8105855884701,3942.2890625,358.828125,1308,1385
and_high_low,COUNT,50,rgbpairs,76377.37542828186,1.4088649363327501,334.62081313900114,3662.75390625,358.39453125,815,833
and_high_low,COUNT,50,luxir,54211.99254705762,1,513.5298925053143,1161.25,28.67578125,1386,1420
and_high_med,TOP_10,50,default,5403.102735209354,0.5962639742493769,5261.246100804466,3873.16015625,356.51171875,12519,12591
and_high_med,TOP_10,50,pairs,5436.007455321191,0.5998952024800737,5263.367346938776,3942.3359375,358.875,12479,12631
and_high_med,TOP_10,50,rgbpairs,8416.110921460073,0.9287670421389698,3235.2438206237916,3662.87109375,358.51171875,7895,8011
and_high_med,TOP_10,50,luxir,9061.595146698568,1,3295.760513046458,1161.3125,28.73828125,10167,10615
and_high_med,TOP_100,50,default,3841.053326893517,0.6176431852990273,7502.558853633572,3873.2109375,356.5625,15495,15983
and_high_med,TOP_100,50,pairs,3846.4851844490504,0.6185166305540567,7513.750107985141,3942.4296875,358.96875,15639,16927
and_high_med,TOP_100,50,rgbpairs,5754.780953625105,0.9253714896402738,4937.305280972345,3663.00390625,358.64453125,10519,10943
and_high_med,TOP_100,50,luxir,6218.887244799601,1,4796.880425202318,1161.3125,28.73828125,12831,13311
and_high_med,COUNT,50,default,6191.116127269457,0.9831064455497917,4558.535753397605,3873.2890625,356.640625,9271,9663
and_high_med,COUNT,50,pairs,6225.318836229689,0.9885375993099291,4561.211018340113,3942.453125,358.9921875,9183,9415
and_high_med,COUNT,50,rgbpairs,8114.64708311026,1.2885498651252003,3428.4248332478196,3663.09765625,358.73828125,7027,7355
and_high_med,COUNT,50,luxir,6297.503342892989,1,4743.2117238040755,1161.3125,28.73828125,10903,11087
high_phrase,TOP_10,30,default,2100.1524880356073,1.8220431942879565,13424.19978895533,3873.40234375,356.75390625,250495,251391
high_phrase,TOP_10,30,pairs,90682.54374486578,78.67405467571515,299.843273622216,3942.5234375,359.0625,952,970
high_phrase,TOP_10,30,rgbpairs,83447.9621712257,72.39750085647245,323.2375416494069,3663.15625,358.796875,1139,1171
high_phrase,TOP_10,30,luxir,1152.6359499157397,1,25123.974559867267,1178.515625,45.94140625,238079,239871
high_phrase,TOP_100,30,default,491.0110762655398,1.4987133249259788,54815.98855039869,3873.6484375,357.0,587775,590335
high_phrase,TOP_100,30,pairs,30017.820930333837,91.62340808215006,835.8718618694804,3942.6328125,359.171875,2913,2951
high_phrase,TOP_100,30,rgbpairs,27185.25574778652,82.97756812454138,922.9554809469223,3663.3125,358.953125,3177,3411
high_phrase,TOP_100,30,luxir,327.62174599988344,1,86898.82352941176,1185.7421875,53.16796875,366079,368895
high_phrase,COUNT,30,default,57.24608684594085,0.9187720013916589,445863.63636363635,3873.796875,357.1484375,1242111,1282047
high_phrase,COUNT,30,pairs,100149.68490389679,1607.3539958377391,281.7464947484519,3942.6328125,359.171875,385,441
high_phrase,COUNT,30,rgbpairs,97855.9405086638,1570.5405078807269,285.7088379798102,3663.3125,358.953125,420,469
high_phrase,COUNT,30,luxir,62.307173879080466,1,405358.6206896552,1185.7421875,53.16796875,1086463,1093631
high_sloppy_phrase,TOP_10,7,default,7797.854680049072,20.777786308486043,3653.740969888975,3873.828125,357.1796875,19983,20591
high_sloppy_phrase,TOP_10,7,pairs,7105.893927366686,18.934021164993613,3991.5041273447287,3942.6328125,359.171875,22527,23023
high_sloppy_phrase,TOP_10,7,rgbpairs,7038.286032799724,18.753876440102413,4051.2364571941116,3663.3125,358.953125,21551,22207
high_sloppy_phrase,TOP_10,7,luxir,375.2976647403617,1,77384.44033565639,1185.7421875,53.16796875,189055,221695
high_sloppy_phrase,TOP_100,7,default,2713.956326799655,8.207693242050802,10613.070203817535,3873.88671875,357.23828125,53631,55199
high_sloppy_phrase,TOP_100,7,pairs,2654.5668081622093,8.02808425352149,10864.551530654346,3942.71484375,359.25390625,55743,57951
high_sloppy_phrase,TOP_100,7,rgbpairs,2781.793470034335,8.412849992949548,10381.204448043614,3663.4140625,359.0546875,49311,51263
high_sloppy_phrase,TOP_100,7,luxir,330.6600584065611,1,88806.47773279352,1185.7421875,53.16796875,231039,263423
high_sloppy_phrase,COUNT,7,default,180.18162965434453,1.149559569250662,158722.36577662933,3874.04296875,357.39453125,319743,336383
high_sloppy_phrase,COUNT,7,pairs,179.91526169896375,1.1478601405539788,157487.78384593275,3943.0078125,359.546875,317183,380159
high_sloppy_phrase,COUNT,7,rgbpairs,186.88800196335194,1.192346253318103,152695.94219010562,3663.7421875,359.3828125,308991,407295
high_sloppy_phrase,COUNT,7,luxir,156.7397066441677,1,183150.04968532626,1185.7421875,53.16796875,479999,516863
high_term,TOP_10,45,default,78234.58431043188,1.1801506298978275,330.7373232277667,3874.0546875,357.40625,875,933
high_term,TOP_10,45,pairs,79879.08553169135,1.2049575508937422,329.14383178615367,3943.02734375,359.56640625,866,921
high_term,TOP_10,45,rgbpairs,69930.39297660315,1.0548838221325656,363.62511981695064,3663.7734375,359.4140625,967,1022
high_term,TOP_10,45,luxir,66292.03283754134,1,432.42956661948386,1185.7421875,53.16796875,960,1033
high_term,TOP_100,45,default,26850.898462787794,1.6634411845993928,924.1159470622528,3874.1875,357.5390625,2241,2341
high_term,TOP_100,45,pairs,27450.50194015559,1.7005872458406914,919.807988114319,3943.10546875,359.64453125,2251,2357
high_term,TOP_100,45,rgbpairs,24247.44123274282,1.5021542919167623,1044.4339605357175,3663.83984375,359.48046875,2575,2623
high_term,TOP_100,45,luxir,16141.778087125038,1,1844.6099909336294,1185.7421875,53.16796875,4063,4123
high_term,COUNT,45,default,110386.01438361673,0.874629896538836,218.29635454104474,3874.1875,357.5390625,504,516
high_term,COUNT,45,pairs,112164.49321362205,0.8887214530079219,216.33079923982135,3943.10546875,359.64453125,488,513
high_term,COUNT,45,rgbpairs,110696.19807784143,0.8770875985756627,217.6425675451965,3663.83984375,359.48046875,505,519
high_term,COUNT,45,luxir,126208.82823745927,1,57.16794332786738,1185.7421875,53.16796875,449,474
low_phrase,TOP_10,50,default,2409.9422357724416,1.680593006919916,11906.38986977351,3874.77734375,358.12890625,108671,109823
low_phrase,TOP_10,50,pairs,7274.401668419605,5.072863735903639,3790.163151730363,3943.66015625,360.19921875,78911,95423
low_phrase,TOP_10,50,rgbpairs,8449.518606501384,5.892341181934782,3278.093311548536,3663.875,359.515625,73727,74943
low_phrase,TOP_10,50,luxir,1433.9832582007648,1,20403.609270283425,1185.7421875,53.16796875,166015,166527
low_phrase,TOP_100,50,default,885.8443278050399,1.1389665700376028,32245.607723211608,3874.953125,358.3046875,261631,263167
low_phrase,TOP_100,50,pairs,2812.155598418696,3.615704380338825,10119.54871321763,3943.87109375,360.41015625,142719,144255
low_phrase,TOP_100,50,rgbpairs,3433.6242893223,4.414752295470951,8320.683413255421,3663.984375,359.625,113407,114815
low_phrase,TOP_100,50,luxir,777.7614823021486,1,37209.081022294726,1185.7421875,53.16796875,222847,223231
low_phrase,COUNT,50,default,360.0427627079647,0.9927633026375638,76848.787446505,3875.09375,358.4453125,397567,400127
low_phrase,COUNT,50,pairs,894.2990778091144,2.4658940492344574,32798.421372191864,3944.00390625,360.54296875,127999,129087
low_phrase,COUNT,50,rgbpairs,1236.9236833395826,3.410629425646443,23627.688112933727,3664.1953125,359.8359375,110015,110783
low_phrase,COUNT,50,luxir,362.66727602783726,1,76266.87073883401,1185.7421875,53.16796875,357631,359679
low_sloppy_phrase,TOP_10,37,default,933.1390257401765,2.5351119452775457,30117.633815500652,3875.1796875,358.53125,281343,291327
low_sloppy_phrase,TOP_10,37,pairs,911.9273049023913,2.4774848550022166,31073.582629674307,3944.09765625,360.63671875,312063,319231
low_sloppy_phrase,TOP_10,37,rgbpairs,879.9287051902086,2.390552436439866,32070.23153905371,3664.19921875,359.83984375,357119,364543
low_sloppy_phrase,TOP_10,37,luxir,368.0859251515285,1,75246.70381949164,1185.7421875,53.16796875,555007,555519
low_sloppy_phrase,TOP_100,37,default,517.4117350650413,1.682661266208339,53049.97573993207,3875.33203125,358.68359375,526847,550911
low_sloppy_phrase,TOP_100,37,pairs,517.9247976397646,1.6843297836831495,52735.93157741277,3944.25390625,360.79296875,523519,535551
low_sloppy_phrase,TOP_100,37,rgbpairs,554.396252576479,1.8029376551040746,50107.75081492213,3664.328125,359.96875,531455,545279
low_sloppy_phrase,TOP_100,37,luxir,307.4960750900044,1,90089.40182054616,1185.7421875,53.16796875,615423,616447
low_sloppy_phrase,COUNT,37,default,366.61675672577485,1.2461313024967604,77534.16774564811,3875.37890625,358.73046875,479999,484351
low_sloppy_phrase,COUNT,37,pairs,361.40822136606823,1.228427477363785,77696.96096788131,3944.33203125,360.87109375,480255,483839
low_sloppy_phrase,COUNT,37,rgbpairs,408.64342385357486,1.3889800525519465,67853.15639340197,3664.328125,359.96875,461311,463871
low_sloppy_phrase,COUNT,37,luxir,294.2039542632611,1,91857.37976782753,1185.7421875,53.16796875,562175,563711
low_term,TOP_10,47,default,102859.30450428967,0.877091616357182,247.92383297672197,3875.37890625,358.73046875,543,557
low_term,TOP_10,47,pairs,101999.09778577577,0.8697565473055416,250.58883361069337,3944.34765625,360.88671875,551,557
low_term,TOP_10,47,rgbpairs,104621.12626237748,0.8921148473714462,240.93691329651912,3664.328125,359.96875,515,524
low_term,TOP_10,47,luxir,117273.1589106899,1,221.03534368121356,1185.7421875,53.16796875,483,511
low_term,TOP_100,47,default,43416.73893544331,1.1961149496142196,563.360816325486,3875.43359375,358.78515625,1370,1399
low_term,TOP_100,47,pairs,43603.38495469546,1.201256977767127,560.2923728007004,3944.34765625,360.88671875,1362,1399
low_term,TOP_100,47,rgbpairs,52630.30985841052,1.4499453889910325,474.35825689574887,3664.328125,359.96875,1167,1181
low_term,TOP_100,47,luxir,36298.13250762096,1,813.2815670778867,1185.7421875,53.16796875,1718,1748
low_term,COUNT,47,default,110922.24145840992,0.8863315406740194,217.45284413249087,3875.43359375,358.78515625,502,513
low_term,COUNT,47,pairs,110176.0399462672,0.8803689679093976,219.23610618650082,3944.34765625,360.88671875,499,519
low_term,COUNT,47,rgbpairs,108786.5396754317,0.8692660736690357,220.75285875079524,3664.328125,359.96875,510,523
low_term,COUNT,47,luxir,125147.57330429426,1,57.982538459701445,1185.7421875,53.16796875,428,463
med_phrase,TOP_10,46,default,1663.4990545308895,1.6513065685364028,17185.701886913754,3875.43359375,358.78515625,208127,209023
med_phrase,TOP_10,46,pairs,37716.65656241887,37.44021528303033,691.2215775257735,3944.34765625,360.88671875,5683,5843
med_phrase,TOP_10,46,rgbpairs,34128.464043682616,33.87832214024566,769.3333919033464,3664.34375,359.984375,5427,5479
med_phrase,TOP_10,46,luxir,1007.3835387243043,1,28348.029045643154,1185.7421875,53.16796875,268031,269311
med_phrase,TOP_100,46,default,574.7915062628251,1.124050971400879,46994.805194805194,3875.453125,358.8046875,599551,601087
med_phrase,TOP_100,46,pairs,14473.162605241549,28.303432302678782,1859.0094941681966,3944.47265625,361.01171875,9071,9207
med_phrase,TOP_100,46,rgbpairs,15696.187158142042,30.69515507825216,1695.8522739323157,3664.37109375,360.01171875,7163,7391
med_phrase,TOP_100,46,luxir,511.3571545127314,1,56141.748366013075,1185.74609375,53.171875,369919,371455
med_phrase,COUNT,46,default,156.7414088454042,0.9761845643818786,169380.5581110089,3875.51953125,358.87109375,729087,734207
med_phrase,COUNT,46,pairs,1048.2754877870939,6.528653518783591,27798.16985399959,3944.4921875,361.03125,132991,134655
med_phrase,COUNT,46,rgbpairs,1269.7793360177411,7.908178171437521,22975.642990972578,3664.37109375,360.01171875,112127,113023
med_phrase,COUNT,46,luxir,160.56534242031688,1,167451.2743628186,1185.74609375,53.171875,654335,655871
med_sloppy_phrase,TOP_10,27,default,1290.6799014265425,3.595383871450511,22119.497894128333,3875.51953125,358.87109375,212863,214143
med_sloppy_phrase,TOP_10,27,pairs,1328.796032216316,3.7015621126489533,21565.434686227884,3944.49609375,361.03515625,215551,217599
med_sloppy_phrase,TOP_10,27,rgbpairs,1319.7703433888819,3.676419692748387,21689.872905367116,3664.37109375,360.01171875,226175,228095
med_sloppy_phrase,TOP_10,27,luxir,358.9825030020604,1,80095.84193453258,1185.74609375,53.171875,273151,289791
med_sloppy_phrase,TOP_100,27,default,800.0933162383415,2.735261906329025,35923.57538913755,3875.57421875,358.92578125,277503,279039
med_sloppy_phrase,TOP_100,27,pairs,799.311513883431,2.732589175340946,35970.00999666778,3944.5625,361.1015625,275967,279807
med_sloppy_phrase,TOP_100,27,rgbpairs,849.5945577627562,2.9044907419032366,33823.254655290526,3664.39453125,360.03515625,265215,267007
med_sloppy_phrase,TOP_100,27,luxir,292.5106785522198,1,98175.62724014337,1185.74609375,53.171875,311807,322815
med_sloppy_phrase,COUNT,27,default,273.9417215193959,1.2237007466779093,103801.39643134213,3875.625,358.9765625,255871,275967
med_sloppy_phrase,COUNT,27,pairs,276.07361026546243,1.2332239176499187,104097.41012756088,3944.62109375,361.16015625,254079,260991
med_sloppy_phrase,COUNT,27,rgbpairs,306.31034613153975,1.3682917563537131,93825.83000173823,3664.5,360.140625,245119,251903
med_sloppy_phrase,COUNT,27,luxir,223.8633279117384,1,127172.39776951673,1185.74609375,53.171875,324351,419327
med_term,TOP_10,49,default,101297.07331244735,1.0900034268047032,259.2811943394796,3875.625,358.9765625,583,612
med_term,TOP_10,49,pairs,100216.25965715508,1.0783733712711923,259.41038752182385,3944.67578125,361.21484375,597,621
med_term,TOP_10,49,rgbpairs,102652.74504961752,1.1045910826057734,262.9947032334767,3664.5,360.140625,596,617
med_term,TOP_10,49,luxir,92932.80261457089,1,296.7528810872271,1185.74609375,53.171875,640,646
med_term,TOP_100,49,default,34338.01443253698,1.5372466865385568,713.4488350039325,3875.65625,359.0078125,1754,1860
med_term,TOP_100,49,pairs,34941.38568493185,1.564258453928862,703.2443369939615,3944.71484375,361.25390625,1723,1773
med_term,TOP_100,49,rgbpairs,35557.21660414415,1.5918280165745717,709.78830656167,3664.5078125,360.1484375,1742,1855
med_term,TOP_100,49,luxir,22337.34815188084,1,1327.6195026777357,1185.8984375,53.32421875,2935,2961
med_term,COUNT,49,default,110146.83444305335,0.8746971953652212,218.86948643075812,3875.65625,359.0078125,508,515
med_term,COUNT,49,pairs,111726.46941492593,0.8872413804667196,216.30333909155775,3944.71484375,361.25390625,494,518
med_term,COUNT,49,rgbpairs,110926.26171948205,0.880886777264062,218.78031964901285,3664.5078125,360.1484375,502,520
med_term,COUNT,49,luxir,125925.67465254376,1,58.19614851473806,1185.8984375,53.32421875,438,467
or_high_high,TOP_10,42,default,2010.4130469956117,0.8498339355930915,14427.468375225892,3876.8671875,360.21875,46975,47071
or_high_high,TOP_10,42,pairs,2002.4205861134933,0.8464553938070267,14505.370421371521,3945.921875,362.4609375,46815,47039
or_high_high,TOP_10,42,rgbpairs,4275.498068136943,1.8073218114533105,6779.7248182762205,3665.45703125,361.09765625,15671,16239
or_high_high,TOP_10,42,luxir,2365.653997557255,1,12571.515095042863,1185.8984375,53.32421875,45823,45951
or_high_high,TOP_100,42,default,1448.3960274644746,0.8010876673251291,19992.044851882718,3876.9453125,360.296875,67647,68095
or_high_high,TOP_100,42,pairs,1456.0372651422967,0.8053139294459382,19912.055559749377,3946.01953125,362.55859375,67903,68223
or_high_high,TOP_100,42,rgbpairs,2414.4407068509445,1.335393522952409,12019.508174199755,3665.55078125,361.19140625,32143,32463
or_high_high,TOP_100,42,luxir,1808.036856066877,1,16384.362840466925,1185.8984375,53.32421875,61919,62207
or_high_high,COUNT,42,default,3633.476547609365,0.8431126546767787,7968.9835005642135,3876.953125,360.3046875,16479,17647
or_high_high,COUNT,42,pairs,3624.3691256386073,0.840999366586319,7967.710865477228,3946.04296875,362.58203125,13551,16767
or_high_high,COUNT,42,rgbpairs,4721.659969047147,1.0956149623708544,6093.497174213821,3665.5625,361.203125,11927,12631
or_high_high,COUNT,42,luxir,4309.597925561109,1,6932.932392664842,1185.8984375,53.32421875,14999,15239
or_high_low,TOP_10,46,default,23993.17096334129,0.6258702437149832,1049.681593278644,3876.96875,360.3203125,2797,2889
or_high_low,TOP_10,46,pairs,24084.757245769637,0.6282593038768084,1055.708065672316,3946.04296875,362.58203125,2779,2863
or_high_low,TOP_10,46,rgbpairs,44344.33649682427,1.1567375038943846,569.2319250707469,3665.5625,361.203125,1466,1509
or_high_low,TOP_10,46,luxir,38335.69530470857,1,742.3571288758075,1185.8984375,53.32421875,1725,1894
or_high_low,TOP_100,46,default,14281.039913767534,0.8789700659676158,1829.0358962392563,3877.0390625,360.390625,4033,4267
or_high_low,TOP_100,46,pairs,14294.217674603906,0.8797811313649253,1827.3361140509244,3946.0859375,362.625,4077,4203
or_high_low,TOP_100,46,rgbpairs,19718.052546710514,1.2136075560594628,1310.5817193187436,3665.609375,361.25,3223,3425
or_high_low,TOP_100,46,luxir,16247.470154795572,1,1810.8016687337918,1185.8984375,53.32421875,4127,4351
or_high_low,COUNT,46,default,44189.98149981466,4.73211889432908,569.1708672245562,3877.09375,360.4453125,1515,1547
or_high_low,COUNT,46,pairs,45135.08108178964,4.833325625744097,559.3473562958113,3946.1953125,362.734375,1478,1537
or_high_low,COUNT,46,rgbpairs,72716.28013236169,7.786879999963753,358.70449538516857,3665.609375,361.25,856,911
or_high_low,COUNT,46,luxir,9338.307529164464,1,3200.5206321282326,1185.8984375,53.32421875,7975,8035
or_high_med,TOP_10,45,default,5587.957335567179,0.6985880194827931,5138.221689563296,3877.09375,360.4453125,11439,11887
or_high_med,TOP_10,45,pairs,5549.509058622512,0.6937813425469582,5107.258418887069,3946.19921875,362.73828125,11463,11775
or_high_med,TOP_10,45,rgbpairs,8880.309418460454,1.1101870319500227,3079.2587881735312,3665.609375,361.25,6819,7163
or_high_med,TOP_10,45,luxir,7998.930957482324,1,3722.364931764836,1185.8984375,53.32421875,10095,10439
or_high_med,TOP_100,45,default,3924.1086035028075,0.7102215794850204,7339.584274740172,3877.15625,360.5078125,14231,15647
or_high_med,TOP_100,45,pairs,3927.6730632737863,0.7108667084822902,7336.009578139306,3946.19921875,362.73828125,14223,15047
or_high_med,TOP_100,45,rgbpairs,5673.259905105762,1.026799209134164,5036.9660460021905,3665.65625,361.296875,10079,11231
or_high_med,TOP_100,45,luxir,5525.189204118758,1,5404.763336741445,1185.8984375,53.32421875,13647,14151
or_high_med,COUNT,45,default,5982.973377490234,0.9024586999279686,4772.003749663551,3877.1640625,360.515625,9535,10191
or_high_med,COUNT,45,pairs,5968.297518954199,0.9002450253252056,4776.42257570839,3946.19921875,362.73828125,9791,10431
or_high_med,COUNT,45,rgbpairs,7716.1888541992,1.1638931551924088,3624.042724707779,3665.74609375,361.38671875,7619,7979
or_high_med,COUNT,45,luxir,6629.636766721598,1,4508.222075457502,1185.8984375,53.32421875,10303,10367
prefix3,TOP_10,2,default,95792.86004287945,0.7957347913079261,277.2738645407688,3880.734375,364.0859375,604,613
prefix3,TOP_10,2,pairs,95630.83071344669,0.7943888415723799,278.36327085838445,3949.609375,366.1484375,607,637
prefix3,TOP_10,2,rgbpairs,95271.45424218528,0.7914035631160088,277.91490012241815,3668.7578125,364.3984375,591,642
prefix3,TOP_10,2,luxir,120382.89778109049,1,215.99957905075945,1185.8984375,53.32421875,462,468
prefix3,TOP_100,2,default,89836.80151731274,0.830527900306935,296.0838667468151,3880.84765625,364.19921875,659,677
prefix3,TOP_100,2,pairs,87552.86962715376,0.8094132888655178,302.47656419764223,3949.70703125,366.24609375,686,710
prefix3,TOP_100,2,rgbpairs,84744.49565952976,0.7834502882331106,311.129636583964,3668.88671875,364.52734375,706,760
prefix3,TOP_100,2,luxir,108168.31256856283,1,248.58392622087413,1185.953125,53.37890625,521,547
prefix3,COUNT,2,default,9857.964461135372,0.97268706926396,2806.77683998628,3903.64453125,387.0078125,5755,5947
prefix3,COUNT,2,pairs,9653.74017203308,0.9525362231108236,2838.8905485212676,3971.2890625,387.828125,5675,6003
prefix3,COUNT,2,rgbpairs,11143.710531644738,1.0995518578389198,2416.6824229517656,3688.54296875,384.0546875,5059,5251
prefix3,COUNT,2,luxir,10134.774865049838,1,2940.2849514138143,1212.25,79.67578125,5931,5991
regex,TOP_10,4,default,110928.64179439514,0.9437932170958437,242.28920803923077,3903.97265625,387.3515625,403,428
regex,TOP_10,4,pairs,110398.22288813928,0.9392803540710576,243.22038105161502,3971.6171875,388.15625,420,428
regex,TOP_10,4,rgbpairs,109267.66821956582,0.9296614692592038,245.80030690796565,3688.87109375,384.3671875,423,441
regex,TOP_10,4,luxir,117534.90042631887,1,217.20585587666125,1212.25,79.67578125,349,355
regex,TOP_100,4,default,102187.26199525755,0.9590988618648417,266.3372293209328,3903.97265625,387.3515625,472,507
regex,TOP_100,4,pairs,105426.48190586561,0.9895012042794795,261.2780105172148,3971.6171875,388.15625,446,480
regex,TOP_100,4,rgbpairs,100197.53061987544,0.9404238424907605,274.62811006519416,3688.87109375,384.3671875,511,535
regex,TOP_100,4,luxir,106545.0769033005,1,253.517671864888,1210.98046875,78.40625,394,653
regex,COUNT,4,default,12176.101001674971,0.8960015230926097,2213.5185151586625,3904.4296875,387.78125,23167,23551
regex,COUNT,4,pairs,12010.018686442083,0.8837800404203697,2225.614221376002,3972.046875,388.4765625,23279,23407
regex,COUNT,4,rgbpairs,13817.64366186686,1.0167975581740447,1951.8217910543335,3689.34375,384.984375,23343,23519
regex,COUNT,4,luxir,13589.375339060069,1,2194.225101201371,1210.98046875,78.40625,16167,16495
wildcard,TOP_10,11,default,34058.04526730347,1.1373015498078036,749.7057778839905,3904.4375,387.7890625,2395,2463
wildcard,TOP_10,11,pairs,33384.976928702505,1.1148257541886017,751.6151974794943,3972.046875,388.55078125,2449,2473
wildcard,TOP_10,11,rgbpairs,32707.571131506047,1.092205117656066,770.7295547314557,3689.34375,384.984375,2481,2497
wildcard,TOP_10,11,luxir,29946.36319018386,1,991.188119179389,1210.98046875,78.40625,2677,2865
wildcard,TOP_100,11,default,32427.776293358325,1.1220594256273848,778.0854775030879,3904.4375,387.7890625,2451,2521
wildcard,TOP_100,11,pairs,32269.11419089885,1.1165694313106613,778.1811043418066,3972.046875,388.5703125,2449,2541
wildcard,TOP_100,11,rgbpairs,30943.87231436035,1.0707136771154313,817.2903720724322,3689.34375,384.984375,2525,2605
wildcard,TOP_100,11,luxir,28900.230729960458,1,1025.479897995853,1210.1875,78.40234375,2755,2859
wildcard,COUNT,11,default,10524.599093594981,1.5542073617409682,2577.345597897503,3907.265625,390.6171875,6879,7079
wildcard,COUNT,11,pairs,10522.182260324407,1.5538504588292448,2558.642138000105,3974.671875,391.1953125,6919,7051
wildcard,COUNT,11,rgbpairs,12314.463922597362,1.8185234719336776,2190.2598927197528,3691.81640625,387.453125,6663,6963
wildcard,COUNT,11,luxir,6771.6826934893015,1,4405.748263988287,1210.1875,78.40234375,10087,10151
wildcard_scan,TOP_10,42,default,8047.551791402488,4.387905476023001,3481.979903442861,3907.265625,390.6171875,8663,8927
wildcard_scan,TOP_10,42,pairs,8134.145608457771,4.4351205165589995,3382.0014300793355,3974.671875,391.1953125,8415,8735
wildcard_scan,TOP_10,42,rgbpairs,7990.635396935831,4.356871968512986,3505.5981429872054,3691.82421875,387.453125,8855,9015
wildcard_scan,TOP_10,42,luxir,1834.03034440396,1,16279.56665663557,1210.1875,78.40234375,40383,40671
wildcard_scan,TOP_100,42,default,8028.86257578271,4.39766704550756,3480.3813208068527,3907.265625,390.6171875,8663,8983
wildcard_scan,TOP_100,42,pairs,8126.722225255368,4.451267932496072,3409.1220474598563,3974.671875,391.1953125,8543,8847
wildcard_scan,TOP_100,42,rgbpairs,7976.929691396059,4.369221729363502,3547.329285952991,3691.828125,387.46484375,8719,9039
wildcard_scan,TOP_100,42,luxir,1825.7095165912122,1,16343.114441993292,1209.24609375,77.39453125,40895,41247
wildcard_scan,COUNT,42,default,7296.246844236952,4.150891821016523,3817.4719152434013,3907.5546875,390.90625,10815,10903
wildcard_scan,COUNT,42,pairs,7286.636348428796,4.1454243348832245,3795.459203424954,3975.0625,391.484375,10719,10975
wildcard_scan,COUNT,42,rgbpairs,7380.326633104009,4.19872546965421,3793.8558540934637,3692.12890625,387.76953125,10103,10279
wildcard_scan,COUNT,42,luxir,1757.7540342764592,1,16968.2619331368,1209.24609375,77.3984375,42143,42847
