shape,capacity,pass,kernel,calls,elapsed_ns
identical,1,0,production,4630784,20000292
identical,1,0,scalar,5656896,20000166
identical,1,0,gallop,5557184,20000041
identical,1,0,cross4,4689856,20000208
identical,1,0,prefix8,4771968,20000000
identical,1,1,production,4713152,20000208
identical,1,1,prefix8,4744768,20000250
identical,1,1,cross4,4729472,20000042
identical,1,1,gallop,5511808,20000167
identical,1,1,scalar,5729024,20000125
identical,1,2,gallop,5537920,20000083
identical,1,2,cross4,4771968,20000125
identical,1,2,prefix8,4705152,20000208
identical,1,2,production,4673088,20000083
identical,1,2,scalar,5057344,20000209
identical,1,3,gallop,5497408,20000084
identical,1,3,scalar,5637568,20000125
identical,1,3,production,4713984,20000167
identical,1,3,prefix8,4753408,20000125
identical,1,3,cross4,4780928,20000209
identical,1,4,prefix8,4767808,20000000
identical,1,4,production,4726976,20000166
identical,1,4,scalar,5722112,20000125
identical,1,4,gallop,5568192,20000125
identical,1,4,cross4,4734464,20000083
identical,1,5,prefix8,4739584,20000042
identical,1,5,cross4,4721792,20000167
identical,1,5,gallop,5553600,20000042
identical,1,5,scalar,5604608,20000000
identical,1,5,production,4687872,20000208
identical,1,6,scalar,5649152,20000000
identical,1,6,gallop,5557952,20000125
identical,1,6,cross4,4723840,20000041
identical,1,6,prefix8,4734208,20000208
identical,1,6,production,4669696,20000042
identical,1,7,scalar,5631616,20000167
identical,1,7,production,4673600,20000292
identical,1,7,prefix8,4703040,20000292
identical,1,7,cross4,4546176,20000125
identical,1,7,gallop,5284160,20000167
identical,1,8,cross4,4703616,20003583
identical,1,8,prefix8,4715392,20000083
identical,1,8,production,4606656,20000250
identical,1,8,scalar,5619840,20000042
identical,1,8,gallop,5564544,20000208
identical,128,0,production,106176,20010208
identical,128,0,scalar,261568,20004750
identical,128,0,gallop,142848,20002292
identical,128,0,cross4,201728,20005625
identical,128,0,prefix8,30272,20005709
identical,128,1,production,105472,20009875
identical,128,1,prefix8,30080,20006042
identical,128,1,cross4,201984,20005916
identical,128,1,gallop,146240,20001083
identical,128,1,scalar,260736,20004125
identical,128,2,gallop,147840,20000208
identical,128,2,cross4,204928,20005584
identical,128,2,prefix8,30016,20008833
identical,128,2,production,104640,20002416
identical,128,2,scalar,200448,20004500
identical,128,3,gallop,109568,20006458
identical,128,3,scalar,241024,20003959
identical,128,3,production,95360,20004584
identical,128,3,prefix8,30144,20034125
identical,128,3,cross4,204416,20000958
identical,128,4,prefix8,30336,20009125
identical,128,4,production,106048,20008042
identical,128,4,scalar,259840,20002750
identical,128,4,gallop,145984,20006625
identical,128,4,cross4,204032,20002708
identical,128,5,prefix8,30336,20018917
identical,128,5,cross4,203008,20003083
identical,128,5,gallop,147840,20007500
identical,128,5,scalar,258752,20001875
identical,128,5,production,106048,20007291
identical,128,6,scalar,260992,20001833
identical,128,6,gallop,147712,20003416
identical,128,6,cross4,203712,20003667
identical,128,6,prefix8,30144,20003167
identical,128,6,production,106432,20002875
identical,128,7,scalar,261824,20002250
identical,128,7,production,105280,20005917
identical,128,7,prefix8,30400,20028542
identical,128,7,cross4,202880,20003500
identical,128,7,gallop,148160,20003042
identical,128,8,cross4,204672,20005500
identical,128,8,prefix8,30272,20016584
identical,128,8,production,104512,20005000
identical,128,8,scalar,259648,20000625
identical,128,8,gallop,147968,20000292
balanced_dense,1,0,production,3845568,20000041
balanced_dense,1,0,scalar,5151488,20000042
balanced_dense,1,0,gallop,2824128,20000375
balanced_dense,1,0,cross4,4558272,20000167
balanced_dense,1,0,prefix8,2873472,20000083
balanced_dense,1,1,production,3699840,20000250
balanced_dense,1,1,prefix8,2841344,20000208
balanced_dense,1,1,cross4,4495168,20000250
balanced_dense,1,1,gallop,2713536,20000083
balanced_dense,1,1,scalar,5038464,20000375
balanced_dense,1,2,gallop,2826688,20000416
balanced_dense,1,2,cross4,4569664,20000042
balanced_dense,1,2,prefix8,2934720,20000250
balanced_dense,1,2,production,3823616,20000250
balanced_dense,1,2,scalar,4869056,20000042
balanced_dense,1,3,gallop,2849984,20000042
balanced_dense,1,3,scalar,4746560,20000208
balanced_dense,1,3,production,3832640,20000250
balanced_dense,1,3,prefix8,2920192,20000292
balanced_dense,1,3,cross4,4605824,20000083
balanced_dense,1,4,prefix8,2954944,20006000
balanced_dense,1,4,production,3837504,20000083
balanced_dense,1,4,scalar,5136512,20000166
balanced_dense,1,4,gallop,2836224,20000166
balanced_dense,1,4,cross4,4593216,20000250
balanced_dense,1,5,prefix8,2956416,20000333
balanced_dense,1,5,cross4,4594496,20000167
balanced_dense,1,5,gallop,2845184,20000208
balanced_dense,1,5,scalar,4971648,20000083
balanced_dense,1,5,production,3837184,20000250
balanced_dense,1,6,scalar,4733568,20000125
balanced_dense,1,6,gallop,2836160,20000209
balanced_dense,1,6,cross4,4562176,20000083
balanced_dense,1,6,prefix8,2926464,20000292
balanced_dense,1,6,production,3826432,20000250
balanced_dense,1,7,scalar,4897280,20000292
balanced_dense,1,7,production,3823232,20000250
balanced_dense,1,7,prefix8,2935104,20000250
balanced_dense,1,7,cross4,4528256,20000166
balanced_dense,1,7,gallop,2837440,20000250
balanced_dense,1,8,cross4,4572928,20000250
balanced_dense,1,8,prefix8,2942144,20000000
balanced_dense,1,8,production,3851904,20000042
balanced_dense,1,8,scalar,4955968,20000208
balanced_dense,1,8,gallop,2842624,20000041
balanced_dense,128,0,production,84736,20002333
balanced_dense,128,0,scalar,106304,20000750
balanced_dense,128,0,gallop,37632,20033042
balanced_dense,128,0,cross4,133376,20005375
balanced_dense,128,0,prefix8,30848,20018208
balanced_dense,128,1,production,87552,20002625
balanced_dense,128,1,prefix8,30784,20031125
balanced_dense,128,1,cross4,136448,20004750
balanced_dense,128,1,gallop,38592,20025417
balanced_dense,128,1,scalar,108608,20007459
balanced_dense,128,2,gallop,39296,20023209
balanced_dense,128,2,cross4,136000,20008500
balanced_dense,128,2,prefix8,30784,20015041
balanced_dense,128,2,production,84416,20005458
balanced_dense,128,2,scalar,108160,20011625
balanced_dense,128,3,gallop,38720,20002625
balanced_dense,128,3,scalar,108288,20010708
balanced_dense,128,3,production,87168,20011500
balanced_dense,128,3,prefix8,30784,20008417
balanced_dense,128,3,cross4,133760,20008750
balanced_dense,128,4,prefix8,30848,20017125
balanced_dense,128,4,production,87168,20012416
balanced_dense,128,4,scalar,107840,20000792
balanced_dense,128,4,gallop,36992,20012791
balanced_dense,128,4,cross4,135360,20007791
balanced_dense,128,5,prefix8,30912,20005167
balanced_dense,128,5,cross4,134592,20012667
balanced_dense,128,5,gallop,38784,20000375
balanced_dense,128,5,scalar,103360,20000917
balanced_dense,128,5,production,86016,20012042
balanced_dense,128,6,scalar,108992,20001792
balanced_dense,128,6,gallop,38272,20011708
balanced_dense,128,6,cross4,133696,20008708
balanced_dense,128,6,prefix8,30656,20034167
balanced_dense,128,6,production,86400,20005166
balanced_dense,128,7,scalar,107584,20007375
balanced_dense,128,7,production,86592,20005291
balanced_dense,128,7,prefix8,30848,20028708
balanced_dense,128,7,cross4,133056,20006042
balanced_dense,128,7,gallop,38400,20007875
balanced_dense,128,8,cross4,135936,20000500
balanced_dense,128,8,prefix8,30784,20012459
balanced_dense,128,8,production,87104,20000958
balanced_dense,128,8,scalar,107264,20008083
balanced_dense,128,8,gallop,38720,20018083
balanced_sparse,1,0,production,344576,20001917
balanced_sparse,1,0,scalar,287296,20002750
balanced_sparse,1,0,gallop,84672,20003958
balanced_sparse,1,0,cross4,355648,20003167
balanced_sparse,1,0,prefix8,105472,20000917
balanced_sparse,1,1,production,347264,20002209
balanced_sparse,1,1,prefix8,105280,20001750
balanced_sparse,1,1,cross4,358016,20001042
balanced_sparse,1,1,gallop,83904,20011125
balanced_sparse,1,1,scalar,291968,20003666
balanced_sparse,1,2,gallop,84864,20008500
balanced_sparse,1,2,cross4,358784,20000500
balanced_sparse,1,2,prefix8,105536,20007583
balanced_sparse,1,2,production,350848,20001959
balanced_sparse,1,2,scalar,290624,20000500
balanced_sparse,1,3,gallop,84992,20009583
balanced_sparse,1,3,scalar,290240,20003167
balanced_sparse,1,3,production,354304,20000167
balanced_sparse,1,3,prefix8,104640,20004375
balanced_sparse,1,3,cross4,358528,20003500
balanced_sparse,1,4,prefix8,105856,20009458
balanced_sparse,1,4,production,349760,20000708
balanced_sparse,1,4,scalar,289600,20000125
balanced_sparse,1,4,gallop,84288,20015292
balanced_sparse,1,4,cross4,358464,20001250
balanced_sparse,1,5,prefix8,105728,20004125
balanced_sparse,1,5,cross4,357120,20001500
balanced_sparse,1,5,gallop,84672,20001542
balanced_sparse,1,5,scalar,288960,20003916
balanced_sparse,1,5,production,353984,20001083
balanced_sparse,1,6,scalar,291840,20003250
balanced_sparse,1,6,gallop,84672,20014708
balanced_sparse,1,6,cross4,358208,20001792
balanced_sparse,1,6,prefix8,104640,20007708
balanced_sparse,1,6,production,353024,20003083
balanced_sparse,1,7,scalar,292288,20001334
balanced_sparse,1,7,production,348672,20001709
balanced_sparse,1,7,prefix8,105536,20007125
balanced_sparse,1,7,cross4,356352,20000500
balanced_sparse,1,7,gallop,84608,20012917
balanced_sparse,1,8,cross4,359680,20002792
balanced_sparse,1,8,prefix8,105536,20000458
balanced_sparse,1,8,production,353792,20000125
balanced_sparse,1,8,scalar,286656,20001500
balanced_sparse,1,8,gallop,84352,20001416
balanced_sparse,128,0,production,105536,20000750
balanced_sparse,128,0,scalar,97856,20007083
balanced_sparse,128,0,gallop,27136,20000875
balanced_sparse,128,0,cross4,118912,20007583
balanced_sparse,128,0,prefix8,30912,20007083
balanced_sparse,128,1,production,110464,20002375
balanced_sparse,128,1,prefix8,31040,20021959
balanced_sparse,128,1,cross4,120320,20007959
balanced_sparse,128,1,gallop,27584,20005041
balanced_sparse,128,1,scalar,99072,20004666
balanced_sparse,128,2,gallop,27712,20026125
balanced_sparse,128,2,cross4,120064,20004458
balanced_sparse,128,2,prefix8,30976,20025833
balanced_sparse,128,2,production,110912,20001625
balanced_sparse,128,2,scalar,99776,20009750
balanced_sparse,128,3,gallop,27456,20033291
balanced_sparse,128,3,scalar,100032,20003083
balanced_sparse,128,3,production,112960,20000458
balanced_sparse,128,3,prefix8,30848,20025250
balanced_sparse,128,3,cross4,120448,20003292
balanced_sparse,128,4,prefix8,31168,20039125
balanced_sparse,128,4,production,113664,20009542
balanced_sparse,128,4,scalar,99456,20007250
balanced_sparse,128,4,gallop,27200,20034625
balanced_sparse,128,4,cross4,120000,20001125
balanced_sparse,128,5,prefix8,30912,20012458
balanced_sparse,128,5,cross4,119744,20000250
balanced_sparse,128,5,gallop,27712,20006292
balanced_sparse,128,5,scalar,52352,20012875
balanced_sparse,128,5,production,86272,20009834
balanced_sparse,128,6,scalar,94912,20009375
balanced_sparse,128,6,gallop,25280,20003083
balanced_sparse,128,6,cross4,118016,20007000
balanced_sparse,128,6,prefix8,30016,20033625
balanced_sparse,128,6,production,109440,20000458
balanced_sparse,128,7,scalar,98432,20000625
balanced_sparse,128,7,production,112256,20003083
balanced_sparse,128,7,prefix8,31040,20036250
balanced_sparse,128,7,cross4,118656,20003625
balanced_sparse,128,7,gallop,27392,20043292
balanced_sparse,128,8,cross4,119744,20006917
balanced_sparse,128,8,prefix8,30720,20030792
balanced_sparse,128,8,production,112512,20010709
balanced_sparse,128,8,scalar,97536,20008791
balanced_sparse,128,8,gallop,27520,20021333
left_8x_sparse,1,0,production,2565888,20000042
left_8x_sparse,1,0,scalar,1055616,20000041
left_8x_sparse,1,0,gallop,830400,20000667
left_8x_sparse,1,0,cross4,1442368,20000000
left_8x_sparse,1,0,prefix8,1595392,20000083
left_8x_sparse,1,1,production,2572480,20000208
left_8x_sparse,1,1,prefix8,1601216,20000166
left_8x_sparse,1,1,cross4,1447104,20000791
left_8x_sparse,1,1,gallop,820096,20000458
left_8x_sparse,1,1,scalar,1052288,20000083
left_8x_sparse,1,2,gallop,814336,20000958
left_8x_sparse,1,2,cross4,1441984,20000750
left_8x_sparse,1,2,prefix8,1598144,20000500
left_8x_sparse,1,2,production,2536960,20000375
left_8x_sparse,1,2,scalar,1063104,20000917
left_8x_sparse,1,3,gallop,829120,20001458
left_8x_sparse,1,3,scalar,1063232,20000250
left_8x_sparse,1,3,production,2573824,20000250
left_8x_sparse,1,3,prefix8,1587008,20000458
left_8x_sparse,1,3,cross4,1449472,20000500
left_8x_sparse,1,4,prefix8,1597184,20000208
left_8x_sparse,1,4,production,2567360,20000417
left_8x_sparse,1,4,scalar,1067392,20000875
left_8x_sparse,1,4,gallop,831232,20001459
left_8x_sparse,1,4,cross4,1434624,20000292
left_8x_sparse,1,5,prefix8,1594048,20000250
left_8x_sparse,1,5,cross4,1450496,20000667
left_8x_sparse,1,5,gallop,833664,20001125
left_8x_sparse,1,5,scalar,1048192,20000417
left_8x_sparse,1,5,production,2461440,20000167
left_8x_sparse,1,6,scalar,1038272,20002209
left_8x_sparse,1,6,gallop,812096,20000042
left_8x_sparse,1,6,cross4,1423232,20000125
left_8x_sparse,1,6,prefix8,1573760,20000583
left_8x_sparse,1,6,production,2513408,20000417
left_8x_sparse,1,7,scalar,1041088,20000833
left_8x_sparse,1,7,production,2520576,20000458
left_8x_sparse,1,7,prefix8,1471872,20000667
left_8x_sparse,1,7,cross4,1179648,20000625
left_8x_sparse,1,7,gallop,616384,20002542
left_8x_sparse,1,8,cross4,766592,20000792
left_8x_sparse,1,8,prefix8,1091264,20001459
left_8x_sparse,1,8,production,2289408,20000083
left_8x_sparse,1,8,scalar,915904,20000709
left_8x_sparse,1,8,gallop,812608,20001542
left_8x_sparse,128,0,production,460928,20001334
left_8x_sparse,128,0,scalar,180032,20004583
left_8x_sparse,128,0,gallop,105344,20008084
left_8x_sparse,128,0,cross4,226816,20003875
left_8x_sparse,128,0,prefix8,184192,20001750
left_8x_sparse,128,1,production,452096,20002458
left_8x_sparse,128,1,prefix8,186304,20004791
left_8x_sparse,128,1,cross4,230400,20001417
left_8x_sparse,128,1,gallop,108672,20005875
left_8x_sparse,128,1,scalar,182464,20005166
left_8x_sparse,128,2,gallop,108608,20004459
left_8x_sparse,128,2,cross4,231872,20003666
left_8x_sparse,128,2,prefix8,189120,20000625
left_8x_sparse,128,2,production,465408,20001208
left_8x_sparse,128,2,scalar,185536,20003166
left_8x_sparse,128,3,gallop,107968,20005959
left_8x_sparse,128,3,scalar,186688,20005667
left_8x_sparse,128,3,production,456320,20000125
left_8x_sparse,128,3,prefix8,188672,20002250
left_8x_sparse,128,3,cross4,232768,20003750
left_8x_sparse,128,4,prefix8,185792,20005208
left_8x_sparse,128,4,production,454592,20002583
left_8x_sparse,128,4,scalar,189312,20005583
left_8x_sparse,128,4,gallop,108864,20004459
left_8x_sparse,128,4,cross4,233024,20003625
left_8x_sparse,128,5,prefix8,183104,20000958
left_8x_sparse,128,5,cross4,233024,20003791
left_8x_sparse,128,5,gallop,109632,20010542
left_8x_sparse,128,5,scalar,185344,20000458
left_8x_sparse,128,5,production,463360,20001750
left_8x_sparse,128,6,scalar,185152,20003500
left_8x_sparse,128,6,gallop,109376,20005625
left_8x_sparse,128,6,cross4,233088,20000584
left_8x_sparse,128,6,prefix8,188608,20005000
left_8x_sparse,128,6,production,452480,20000417
left_8x_sparse,128,7,scalar,185600,20003208
left_8x_sparse,128,7,production,463168,20001708
left_8x_sparse,128,7,prefix8,189632,20001792
left_8x_sparse,128,7,cross4,234496,20004917
left_8x_sparse,128,7,gallop,108928,20005917
left_8x_sparse,128,8,cross4,231232,20000167
left_8x_sparse,128,8,prefix8,188608,20007458
left_8x_sparse,128,8,production,457408,20001709
left_8x_sparse,128,8,scalar,183040,20002750
left_8x_sparse,128,8,gallop,106240,20010458
right_8x_sparse,1,0,production,886336,20001375
right_8x_sparse,1,0,scalar,1142144,20000750
right_8x_sparse,1,0,gallop,778752,20000625
right_8x_sparse,1,0,cross4,1392960,20000375
right_8x_sparse,1,0,prefix8,270400,20002417
right_8x_sparse,1,1,production,881408,20001334
right_8x_sparse,1,1,prefix8,280064,20003209
right_8x_sparse,1,1,cross4,973568,20000167
right_8x_sparse,1,1,gallop,723968,20006000
right_8x_sparse,1,1,scalar,1163776,20001042
right_8x_sparse,1,2,gallop,883456,20001417
right_8x_sparse,1,2,cross4,1658048,20000084
right_8x_sparse,1,2,prefix8,290752,20002875
right_8x_sparse,1,2,production,905536,20000167
right_8x_sparse,1,2,scalar,1205888,20000084
right_8x_sparse,1,3,gallop,902400,20000167
right_8x_sparse,1,3,scalar,1206080,20000791
right_8x_sparse,1,3,production,899520,20000417
right_8x_sparse,1,3,prefix8,291008,20001208
right_8x_sparse,1,3,cross4,1646464,20000666
right_8x_sparse,1,4,prefix8,282432,20003250
right_8x_sparse,1,4,production,905536,20000292
right_8x_sparse,1,4,scalar,1201024,20000250
right_8x_sparse,1,4,gallop,895872,20001167
right_8x_sparse,1,4,cross4,1651392,20000542
right_8x_sparse,1,5,prefix8,288640,20003833
right_8x_sparse,1,5,cross4,1637696,20000333
right_8x_sparse,1,5,gallop,898048,20000083
right_8x_sparse,1,5,scalar,1199168,20001125
right_8x_sparse,1,5,production,883968,20000166
right_8x_sparse,1,6,scalar,1173056,20000250
right_8x_sparse,1,6,gallop,898112,20001375
right_8x_sparse,1,6,cross4,1641728,20000542
right_8x_sparse,1,6,prefix8,286784,20003042
right_8x_sparse,1,6,production,883136,20000458
right_8x_sparse,1,7,scalar,1179584,20000375
right_8x_sparse,1,7,production,902912,20001000
right_8x_sparse,1,7,prefix8,287104,20000917
right_8x_sparse,1,7,cross4,1659264,20000625
right_8x_sparse,1,7,gallop,908672,20000208
right_8x_sparse,1,8,cross4,1596032,20000417
right_8x_sparse,1,8,prefix8,291840,20001583
right_8x_sparse,1,8,production,901952,20000250
right_8x_sparse,1,8,scalar,1206464,20001042
right_8x_sparse,1,8,gallop,910464,20000250
right_8x_sparse,128,0,production,111424,20003125
right_8x_sparse,128,0,scalar,184640,20001041
right_8x_sparse,128,0,gallop,108480,20009375
right_8x_sparse,128,0,cross4,236160,20001333
right_8x_sparse,128,0,prefix8,31616,20005458
right_8x_sparse,128,1,production,116096,20008167
right_8x_sparse,128,1,prefix8,31680,20036583
right_8x_sparse,128,1,cross4,236544,20002667
right_8x_sparse,128,1,gallop,108032,20008166
right_8x_sparse,128,1,scalar,178496,20002042
right_8x_sparse,128,2,gallop,105856,20007917
right_8x_sparse,128,2,cross4,224064,20001417
right_8x_sparse,128,2,prefix8,30784,20018917
right_8x_sparse,128,2,production,108864,20008125
right_8x_sparse,128,2,scalar,181440,20003375
right_8x_sparse,128,3,gallop,108992,20009250
right_8x_sparse,128,3,scalar,186944,20004333
right_8x_sparse,128,3,production,113024,20004542
right_8x_sparse,128,3,prefix8,31744,20030083
right_8x_sparse,128,3,cross4,236928,20004125
right_8x_sparse,128,4,prefix8,31360,20038833
right_8x_sparse,128,4,production,113728,20002416
right_8x_sparse,128,4,scalar,188096,20005625
right_8x_sparse,128,4,gallop,109824,20001500
right_8x_sparse,128,4,cross4,235840,20004791
right_8x_sparse,128,5,prefix8,31360,20038958
right_8x_sparse,128,5,cross4,235392,20001416
right_8x_sparse,128,5,gallop,110336,20006000
right_8x_sparse,128,5,scalar,188544,20003500
right_8x_sparse,128,5,production,112448,20010458
right_8x_sparse,128,6,scalar,187648,20004334
right_8x_sparse,128,6,gallop,109888,20002125
right_8x_sparse,128,6,cross4,234752,20001250
right_8x_sparse,128,6,prefix8,31680,20003000
right_8x_sparse,128,6,production,117184,20002042
right_8x_sparse,128,7,scalar,187200,20000834
right_8x_sparse,128,7,production,113664,20004667
right_8x_sparse,128,7,prefix8,31616,20018583
right_8x_sparse,128,7,cross4,237824,20001917
right_8x_sparse,128,7,gallop,109888,20003500
right_8x_sparse,128,8,cross4,234560,20001042
right_8x_sparse,128,8,prefix8,31744,20022334
right_8x_sparse,128,8,production,114880,20010458
right_8x_sparse,128,8,scalar,186496,20001208
right_8x_sparse,128,8,gallop,109440,20019709
left_64x_sparse,1,0,production,1881088,20000208
left_64x_sparse,1,0,scalar,269184,20000208
left_64x_sparse,1,0,gallop,1250304,20000125
left_64x_sparse,1,0,cross4,350400,20000625
left_64x_sparse,1,0,prefix8,751616,20001375
left_64x_sparse,1,1,production,1859840,20000333
left_64x_sparse,1,1,prefix8,750976,20000083
left_64x_sparse,1,1,cross4,348352,20001125
left_64x_sparse,1,1,gallop,1252672,20000125
left_64x_sparse,1,1,scalar,266752,20004667
left_64x_sparse,1,2,gallop,1238208,20000583
left_64x_sparse,1,2,cross4,350144,20001208
left_64x_sparse,1,2,prefix8,751616,20001458
left_64x_sparse,1,2,production,1855424,20000250
left_64x_sparse,1,2,scalar,267392,20003125
left_64x_sparse,1,3,gallop,1235648,20000166
left_64x_sparse,1,3,scalar,268736,20001917
left_64x_sparse,1,3,production,1867328,20000250
left_64x_sparse,1,3,prefix8,751424,20000333
left_64x_sparse,1,3,cross4,342528,20001500
left_64x_sparse,1,4,prefix8,745344,20001625
left_64x_sparse,1,4,production,1866752,20000584
left_64x_sparse,1,4,scalar,268992,20002292
left_64x_sparse,1,4,gallop,1246208,20001000
left_64x_sparse,1,4,cross4,347072,20001667
left_64x_sparse,1,5,prefix8,746112,20001000
left_64x_sparse,1,5,cross4,349696,20003542
left_64x_sparse,1,5,gallop,1246592,20000333
left_64x_sparse,1,5,scalar,268992,20001959
left_64x_sparse,1,5,production,1854720,20000042
left_64x_sparse,1,6,scalar,266752,20001666
left_64x_sparse,1,6,gallop,1243520,20001000
left_64x_sparse,1,6,cross4,351616,20002375
left_64x_sparse,1,6,prefix8,751104,20000708
left_64x_sparse,1,6,production,1862016,20000542
left_64x_sparse,1,7,scalar,268160,20001959
left_64x_sparse,1,7,production,1864320,20000292
left_64x_sparse,1,7,prefix8,753856,20001917
left_64x_sparse,1,7,cross4,341376,20003958
left_64x_sparse,1,7,gallop,1238016,20000958
left_64x_sparse,1,8,cross4,347008,20002042
left_64x_sparse,1,8,prefix8,751360,20001167
left_64x_sparse,1,8,production,1890368,20000583
left_64x_sparse,1,8,scalar,268480,20003666
left_64x_sparse,1,8,gallop,1243648,20000584
left_64x_sparse,128,0,production,1245696,20000958
left_64x_sparse,128,0,scalar,177216,20003584
left_64x_sparse,128,0,gallop,727744,20000125
left_64x_sparse,128,0,cross4,235456,20000417
left_64x_sparse,128,0,prefix8,438848,20001375
left_64x_sparse,128,1,production,1240640,20000792
left_64x_sparse,128,1,prefix8,444864,20001750
left_64x_sparse,128,1,cross4,233856,20002833
left_64x_sparse,128,1,gallop,726208,20000083
left_64x_sparse,128,1,scalar,176960,20002000
left_64x_sparse,128,2,gallop,724928,20001333
left_64x_sparse,128,2,cross4,237120,20000042
left_64x_sparse,128,2,prefix8,447168,20000500
left_64x_sparse,128,2,production,1279040,20000917
left_64x_sparse,128,2,scalar,176832,20006000
left_64x_sparse,128,3,gallop,723712,20001500
left_64x_sparse,128,3,scalar,177088,20003084
left_64x_sparse,128,3,production,1284672,20000708
left_64x_sparse,128,3,prefix8,447424,20000667
left_64x_sparse,128,3,cross4,235776,20003458
left_64x_sparse,128,4,prefix8,441088,20002500
left_64x_sparse,128,4,production,1250176,20000500
left_64x_sparse,128,4,scalar,177088,20005792
left_64x_sparse,128,4,gallop,727360,20000792
left_64x_sparse,128,4,cross4,232960,20001625
left_64x_sparse,128,5,prefix8,440128,20002792
left_64x_sparse,128,5,cross4,234304,20002042
left_64x_sparse,128,5,gallop,725888,20000250
left_64x_sparse,128,5,scalar,176512,20002333
left_64x_sparse,128,5,production,1266752,20000750
left_64x_sparse,128,6,scalar,175552,20003917
left_64x_sparse,128,6,gallop,729088,20000917
left_64x_sparse,128,6,cross4,237056,20003125
left_64x_sparse,128,6,prefix8,447936,20001416
left_64x_sparse,128,6,production,1234752,20000750
left_64x_sparse,128,7,scalar,172736,20006000
left_64x_sparse,128,7,production,1290432,20000959
left_64x_sparse,128,7,prefix8,446080,20000083
left_64x_sparse,128,7,cross4,234496,20004292
left_64x_sparse,128,7,gallop,721792,20001708
left_64x_sparse,128,8,cross4,230016,20000458
left_64x_sparse,128,8,prefix8,438208,20000667
left_64x_sparse,128,8,production,1257024,20000250
left_64x_sparse,128,8,scalar,176640,20007125
left_64x_sparse,128,8,gallop,724416,20001333
right_64x_sparse,1,0,production,384768,20001542
right_64x_sparse,1,0,scalar,266304,20003750
right_64x_sparse,1,0,gallop,1375488,20000833
right_64x_sparse,1,0,cross4,333952,20001500
right_64x_sparse,1,0,prefix8,41984,20008791
right_64x_sparse,1,1,production,373632,20001750
right_64x_sparse,1,1,prefix8,45760,20006625
right_64x_sparse,1,1,cross4,326272,20003500
right_64x_sparse,1,1,gallop,1248832,20000250
right_64x_sparse,1,1,scalar,261440,20002417
right_64x_sparse,1,2,gallop,1388672,20000209
right_64x_sparse,1,2,cross4,349248,20000250
right_64x_sparse,1,2,prefix8,47168,20020625
right_64x_sparse,1,2,production,417216,20000834
right_64x_sparse,1,2,scalar,261184,20003875
right_64x_sparse,1,3,gallop,1384768,20000458
right_64x_sparse,1,3,scalar,263232,20000666
right_64x_sparse,1,3,production,385024,20003084
right_64x_sparse,1,3,prefix8,45504,20023416
right_64x_sparse,1,3,cross4,273792,20038208
right_64x_sparse,1,4,prefix8,35520,20029500
right_64x_sparse,1,4,production,352128,20000292
right_64x_sparse,1,4,scalar,257728,20003708
right_64x_sparse,1,4,gallop,1430592,20000667
right_64x_sparse,1,4,cross4,348288,20003500
right_64x_sparse,1,5,prefix8,46656,20001833
right_64x_sparse,1,5,cross4,344960,20001333
right_64x_sparse,1,5,gallop,1424576,20000292
right_64x_sparse,1,5,scalar,267136,20000750
right_64x_sparse,1,5,production,386112,20001375
right_64x_sparse,1,6,scalar,266304,20002625
right_64x_sparse,1,6,gallop,1436288,20000250
right_64x_sparse,1,6,cross4,351424,20001042
right_64x_sparse,1,6,prefix8,46976,20019584
right_64x_sparse,1,6,production,391040,20002208
right_64x_sparse,1,7,scalar,266880,20004000
right_64x_sparse,1,7,production,394176,20003084
right_64x_sparse,1,7,prefix8,47296,20017000
right_64x_sparse,1,7,cross4,350912,20001459
right_64x_sparse,1,7,gallop,1434816,20000750
right_64x_sparse,1,8,cross4,348800,20002167
right_64x_sparse,1,8,prefix8,47104,20002125
right_64x_sparse,1,8,production,394816,20000083
right_64x_sparse,1,8,scalar,268352,20003167
right_64x_sparse,1,8,gallop,1427328,20000500
right_64x_sparse,128,0,production,144832,20002292
right_64x_sparse,128,0,scalar,165568,20005666
right_64x_sparse,128,0,gallop,807424,20000833
right_64x_sparse,128,0,cross4,225408,20003500
right_64x_sparse,128,0,prefix8,31232,20034084
right_64x_sparse,128,1,production,184384,20000000
right_64x_sparse,128,1,prefix8,21568,20008333
right_64x_sparse,128,1,cross4,223104,20002375
right_64x_sparse,128,1,gallop,819200,20001375
right_64x_sparse,128,1,scalar,176576,20003250
right_64x_sparse,128,2,gallop,816832,20000709
right_64x_sparse,128,2,cross4,230784,20002250
right_64x_sparse,128,2,prefix8,31488,20021250
right_64x_sparse,128,2,production,187072,20002917
right_64x_sparse,128,2,scalar,175872,20002625
right_64x_sparse,128,3,gallop,814144,20001041
right_64x_sparse,128,3,scalar,173184,20005417
right_64x_sparse,128,3,production,183232,20001666
right_64x_sparse,128,3,prefix8,30912,20000917
right_64x_sparse,128,3,cross4,228480,20005292
right_64x_sparse,128,4,prefix8,31104,20039042
right_64x_sparse,128,4,production,194624,20001583
right_64x_sparse,128,4,scalar,173376,20000125
right_64x_sparse,128,4,gallop,810816,20000792
right_64x_sparse,128,4,cross4,229504,20004583
right_64x_sparse,128,5,prefix8,31488,20002667
right_64x_sparse,128,5,cross4,230016,20000834
right_64x_sparse,128,5,gallop,822272,20001750
right_64x_sparse,128,5,scalar,176384,20002084
right_64x_sparse,128,5,production,188288,20002792
right_64x_sparse,128,6,scalar,175488,20005875
right_64x_sparse,128,6,gallop,826048,20000375
right_64x_sparse,128,6,cross4,228864,20001209
right_64x_sparse,128,6,prefix8,30848,20029625
right_64x_sparse,128,6,production,185344,20000291
right_64x_sparse,128,7,scalar,177088,20006000
right_64x_sparse,128,7,production,184320,20003416
right_64x_sparse,128,7,prefix8,31552,20014250
right_64x_sparse,128,7,cross4,233088,20004958
right_64x_sparse,128,7,gallop,825920,20001250
right_64x_sparse,128,8,cross4,230976,20000708
right_64x_sparse,128,8,prefix8,31488,20020708
right_64x_sparse,128,8,production,187648,20004625
right_64x_sparse,128,8,scalar,177344,20001708
right_64x_sparse,128,8,gallop,824320,20001125
