shape,universe,postings,lists,pass,method,iterations,elapsed_ns,scratch_bound_bytes
sparse_2,1048576,128,2,0,sort,15444,15000204,512
sparse_2,1048576,128,2,0,bitmap,2631,15003271,131072
sparse_2,1048576,128,2,0,heap,8988,15000102,96
sparse_2,1048576,128,2,0,windows,6881,15001462,528
sparse_2,1048576,128,2,1,sort,15595,15000095,512
sparse_2,1048576,128,2,1,windows,6854,15000896,528
sparse_2,1048576,128,2,1,heap,8976,15001156,96
sparse_2,1048576,128,2,1,bitmap,2639,15000434,131072
sparse_2,1048576,128,2,2,heap,8967,15001631,96
sparse_2,1048576,128,2,2,windows,6778,15001335,528
sparse_2,1048576,128,2,2,sort,15473,15000178,512
sparse_2,1048576,128,2,2,bitmap,2608,15000583,131072
sparse_2,1048576,128,2,3,heap,8999,15000459,96
sparse_2,1048576,128,2,3,bitmap,2595,15000139,131072
sparse_2,1048576,128,2,3,sort,15848,15000084,512
sparse_2,1048576,128,2,3,windows,6854,15002138,528
sparse_2,1048576,128,2,4,sort,15573,15000548,512
sparse_2,1048576,128,2,4,bitmap,2613,15005144,131072
sparse_2,1048576,128,2,4,heap,8977,15001461,96
sparse_2,1048576,128,2,4,windows,6855,15002106,528
sparse_2,1048576,128,2,5,sort,15876,15000609,512
sparse_2,1048576,128,2,5,windows,6875,15001393,528
sparse_2,1048576,128,2,5,heap,8975,15001261,96
sparse_2,1048576,128,2,5,bitmap,2597,15000618,131072
sparse_2,1048576,128,2,6,heap,8991,15001191,96
sparse_2,1048576,128,2,6,windows,6868,15000600,528
sparse_2,1048576,128,2,6,sort,15749,15000569,512
sparse_2,1048576,128,2,6,bitmap,2616,15000314,131072
medium_2,1048576,8192,2,0,sort,152,15004361,32768
medium_2,1048576,8192,2,0,bitmap,1319,15002126,131072
medium_2,1048576,8192,2,0,heap,145,15030195,96
medium_2,1048576,8192,2,0,windows,1076,15005684,528
medium_2,1048576,8192,2,1,sort,153,15073625,32768
medium_2,1048576,8192,2,1,windows,1070,15011900,528
medium_2,1048576,8192,2,1,heap,145,15049120,96
medium_2,1048576,8192,2,1,bitmap,1310,15002104,131072
medium_2,1048576,8192,2,2,heap,146,15097350,96
medium_2,1048576,8192,2,2,windows,1073,15011278,528
medium_2,1048576,8192,2,2,sort,151,15084687,32768
medium_2,1048576,8192,2,2,bitmap,1321,15001914,131072
medium_2,1048576,8192,2,3,heap,145,15014894,96
medium_2,1048576,8192,2,3,bitmap,1310,15003418,131072
medium_2,1048576,8192,2,3,sort,154,15043077,32768
medium_2,1048576,8192,2,3,windows,1074,15003138,528
medium_2,1048576,8192,2,4,sort,153,15074125,32768
medium_2,1048576,8192,2,4,bitmap,1317,15001582,131072
medium_2,1048576,8192,2,4,heap,145,15036149,96
medium_2,1048576,8192,2,4,windows,1076,15010807,528
medium_2,1048576,8192,2,5,sort,153,15082273,32768
medium_2,1048576,8192,2,5,windows,1072,15005709,528
medium_2,1048576,8192,2,5,heap,145,15066558,96
medium_2,1048576,8192,2,5,bitmap,1310,15003898,131072
medium_2,1048576,8192,2,6,heap,145,15011552,96
medium_2,1048576,8192,2,6,windows,1078,15002646,528
medium_2,1048576,8192,2,6,sort,152,15004579,32768
medium_2,1048576,8192,2,6,bitmap,1319,15008595,131072
dense_2,1048576,262144,2,0,sort,4,17958405,1048576
dense_2,1048576,262144,2,0,bitmap,63,15064212,131072
dense_2,1048576,262144,2,0,heap,5,16683096,96
dense_2,1048576,262144,2,0,windows,45,15066464,528
dense_2,1048576,262144,2,1,sort,4,17965443,1048576
dense_2,1048576,262144,2,1,windows,45,15123937,528
dense_2,1048576,262144,2,1,heap,5,16694107,96
dense_2,1048576,262144,2,1,bitmap,61,15017181,131072
dense_2,1048576,262144,2,2,heap,5,16744096,96
dense_2,1048576,262144,2,2,windows,45,15087835,528
dense_2,1048576,262144,2,2,sort,4,18041336,1048576
dense_2,1048576,262144,2,2,bitmap,63,15045255,131072
dense_2,1048576,262144,2,3,heap,5,16654946,96
dense_2,1048576,262144,2,3,bitmap,63,15048505,131072
dense_2,1048576,262144,2,3,sort,4,17890328,1048576
dense_2,1048576,262144,2,3,windows,45,15047681,528
dense_2,1048576,262144,2,4,sort,4,17995561,1048576
dense_2,1048576,262144,2,4,bitmap,63,15041156,131072
dense_2,1048576,262144,2,4,heap,5,16678918,96
dense_2,1048576,262144,2,4,windows,45,15141337,528
dense_2,1048576,262144,2,5,sort,4,18170966,1048576
dense_2,1048576,262144,2,5,windows,45,15060176,528
dense_2,1048576,262144,2,5,heap,5,16725968,96
dense_2,1048576,262144,2,5,bitmap,63,15092531,131072
dense_2,1048576,262144,2,6,heap,5,16712839,96
dense_2,1048576,262144,2,6,windows,45,15040408,528
dense_2,1048576,262144,2,6,sort,4,18133350,1048576
dense_2,1048576,262144,2,6,bitmap,63,15033391,131072
overlap_2,1048576,8192,2,0,sort,156,15074311,32768
overlap_2,1048576,8192,2,0,bitmap,1337,15003908,131072
overlap_2,1048576,8192,2,0,heap,144,15001028,96
overlap_2,1048576,8192,2,0,windows,1078,15007117,528
overlap_2,1048576,8192,2,1,sort,157,15077868,32768
overlap_2,1048576,8192,2,1,windows,1078,15002185,528
overlap_2,1048576,8192,2,1,heap,144,15024528,96
overlap_2,1048576,8192,2,1,bitmap,1331,15007704,131072
overlap_2,1048576,8192,2,2,heap,144,15034119,96
overlap_2,1048576,8192,2,2,windows,1077,15012141,528
overlap_2,1048576,8192,2,2,sort,157,15073503,32768
overlap_2,1048576,8192,2,2,bitmap,1338,15004403,131072
overlap_2,1048576,8192,2,3,heap,145,15073718,96
overlap_2,1048576,8192,2,3,bitmap,1330,15008195,131072
overlap_2,1048576,8192,2,3,sort,158,15045166,32768
overlap_2,1048576,8192,2,3,windows,1073,15008600,528
overlap_2,1048576,8192,2,4,sort,155,15006781,32768
overlap_2,1048576,8192,2,4,bitmap,1338,15002864,131072
overlap_2,1048576,8192,2,4,heap,145,15043722,96
overlap_2,1048576,8192,2,4,windows,1070,15002188,528
overlap_2,1048576,8192,2,5,sort,157,15023967,32768
overlap_2,1048576,8192,2,5,windows,1074,15007930,528
overlap_2,1048576,8192,2,5,heap,144,15020590,96
overlap_2,1048576,8192,2,5,bitmap,1329,15009681,131072
overlap_2,1048576,8192,2,6,heap,144,15048426,96
overlap_2,1048576,8192,2,6,windows,1066,15000263,528
overlap_2,1048576,8192,2,6,sort,157,15034938,32768
overlap_2,1048576,8192,2,6,bitmap,1318,15006632,131072
sparse_8,1048576,512,8,0,sort,3602,15001625,2048
sparse_8,1048576,512,8,0,bitmap,2116,15003787,131072
sparse_8,1048576,512,8,0,heap,2006,15004977,192
sparse_8,1048576,512,8,0,windows,5469,15002155,576
sparse_8,1048576,512,8,1,sort,3576,15000398,2048
sparse_8,1048576,512,8,1,windows,5495,15000990,576
sparse_8,1048576,512,8,1,heap,2051,15003494,192
sparse_8,1048576,512,8,1,bitmap,2182,15003054,131072
sparse_8,1048576,512,8,2,heap,2064,15000171,192
sparse_8,1048576,512,8,2,windows,5468,15001069,576
sparse_8,1048576,512,8,2,sort,3568,15002180,2048
sparse_8,1048576,512,8,2,bitmap,2014,15000633,131072
sparse_8,1048576,512,8,3,heap,2065,15002551,192
sparse_8,1048576,512,8,3,bitmap,2183,15003962,131072
sparse_8,1048576,512,8,3,sort,3585,15003147,2048
sparse_8,1048576,512,8,3,windows,5510,15002098,576
sparse_8,1048576,512,8,4,sort,3585,15004241,2048
sparse_8,1048576,512,8,4,bitmap,2089,15003029,131072
sparse_8,1048576,512,8,4,heap,2056,15006863,192
sparse_8,1048576,512,8,4,windows,5462,15000388,576
sparse_8,1048576,512,8,5,sort,3571,15003694,2048
sparse_8,1048576,512,8,5,windows,5511,15002613,576
sparse_8,1048576,512,8,5,heap,2054,15007201,192
sparse_8,1048576,512,8,5,bitmap,2150,15005355,131072
sparse_8,1048576,512,8,6,heap,2063,15004023,192
sparse_8,1048576,512,8,6,windows,5476,15000679,576
sparse_8,1048576,512,8,6,sort,3530,15000870,2048
sparse_8,1048576,512,8,6,bitmap,2172,15001518,131072
medium_8,1048576,32768,8,0,sort,34,15190948,131072
medium_8,1048576,32768,8,0,bitmap,519,15023536,131072
medium_8,1048576,32768,8,0,heap,32,15440819,192
medium_8,1048576,32768,8,0,windows,343,15037254,576
medium_8,1048576,32768,8,1,sort,34,15165858,131072
medium_8,1048576,32768,8,1,windows,344,15033218,576
medium_8,1048576,32768,8,1,heap,31,15136005,192
medium_8,1048576,32768,8,1,bitmap,524,15027930,131072
medium_8,1048576,32768,8,2,heap,32,15414562,192
medium_8,1048576,32768,8,2,windows,344,15042020,576
medium_8,1048576,32768,8,2,sort,34,15212819,131072
medium_8,1048576,32768,8,2,bitmap,502,15018073,131072
medium_8,1048576,32768,8,3,heap,32,15451280,192
medium_8,1048576,32768,8,3,bitmap,524,15022403,131072
medium_8,1048576,32768,8,3,sort,34,15113408,131072
medium_8,1048576,32768,8,3,windows,344,15014368,576
medium_8,1048576,32768,8,4,sort,34,15121418,131072
medium_8,1048576,32768,8,4,bitmap,514,15023425,131072
medium_8,1048576,32768,8,4,heap,32,15460718,192
medium_8,1048576,32768,8,4,windows,344,15042122,576
medium_8,1048576,32768,8,5,sort,34,15086331,131072
medium_8,1048576,32768,8,5,windows,343,15010052,576
medium_8,1048576,32768,8,5,heap,31,15005150,192
medium_8,1048576,32768,8,5,bitmap,524,15000428,131072
medium_8,1048576,32768,8,6,heap,32,15454671,192
medium_8,1048576,32768,8,6,windows,343,15023207,576
medium_8,1048576,32768,8,6,sort,34,15159399,131072
medium_8,1048576,32768,8,6,bitmap,516,15007028,131072
dense_8,1048576,1048576,8,0,sort,1,18732953,4194304
dense_8,1048576,1048576,8,0,bitmap,16,15428526,131072
dense_8,1048576,1048576,8,0,heap,1,15405528,192
dense_8,1048576,1048576,8,0,windows,11,15084577,576
dense_8,1048576,1048576,8,1,sort,1,18915324,4194304
dense_8,1048576,1048576,8,1,windows,11,15152963,576
dense_8,1048576,1048576,8,1,heap,2,30404881,192
dense_8,1048576,1048576,8,1,bitmap,16,15403026,131072
dense_8,1048576,1048576,8,2,heap,1,15404913,192
dense_8,1048576,1048576,8,2,windows,11,15073808,576
dense_8,1048576,1048576,8,2,sort,1,18717816,4194304
dense_8,1048576,1048576,8,2,bitmap,16,15438426,131072
dense_8,1048576,1048576,8,3,heap,1,15410523,192
dense_8,1048576,1048576,8,3,bitmap,16,15359371,131072
dense_8,1048576,1048576,8,3,sort,1,18713575,4194304
dense_8,1048576,1048576,8,3,windows,11,15092693,576
dense_8,1048576,1048576,8,4,sort,1,18758216,4194304
dense_8,1048576,1048576,8,4,bitmap,16,15423176,131072
dense_8,1048576,1048576,8,4,heap,1,15388071,192
dense_8,1048576,1048576,8,4,windows,11,15002033,576
dense_8,1048576,1048576,8,5,sort,1,18747415,4194304
dense_8,1048576,1048576,8,5,windows,11,15233209,576
dense_8,1048576,1048576,8,5,heap,1,15066538,192
dense_8,1048576,1048576,8,5,bitmap,16,15469614,131072
dense_8,1048576,1048576,8,6,heap,1,15449962,192
dense_8,1048576,1048576,8,6,windows,11,15010785,576
dense_8,1048576,1048576,8,6,sort,1,18784810,4194304
dense_8,1048576,1048576,8,6,bitmap,16,15470237,131072
overlap_8,1048576,32768,8,0,sort,38,15276158,131072
overlap_8,1048576,32768,8,0,bitmap,478,15013951,131072
overlap_8,1048576,32768,8,0,heap,29,15154855,192
overlap_8,1048576,32768,8,0,windows,342,15024019,576
overlap_8,1048576,32768,8,1,sort,38,15140745,131072
overlap_8,1048576,32768,8,1,windows,344,15029750,576
overlap_8,1048576,32768,8,1,heap,29,15235244,192
overlap_8,1048576,32768,8,1,bitmap,500,15006635,131072
overlap_8,1048576,32768,8,2,heap,29,15154889,192
overlap_8,1048576,32768,8,2,windows,343,15031612,576
overlap_8,1048576,32768,8,2,sort,38,15133620,131072
overlap_8,1048576,32768,8,2,bitmap,500,15015586,131072
overlap_8,1048576,32768,8,3,heap,29,15145640,192
overlap_8,1048576,32768,8,3,bitmap,510,15020957,131072
overlap_8,1048576,32768,8,3,sort,38,15075724,131072
overlap_8,1048576,32768,8,3,windows,344,15032081,576
overlap_8,1048576,32768,8,4,sort,38,15024094,131072
overlap_8,1048576,32768,8,4,bitmap,506,15016967,131072
overlap_8,1048576,32768,8,4,heap,29,15126260,192
overlap_8,1048576,32768,8,4,windows,344,15038408,576
overlap_8,1048576,32768,8,5,sort,38,15074218,131072
overlap_8,1048576,32768,8,5,windows,344,15021991,576
overlap_8,1048576,32768,8,5,heap,29,15121198,192
overlap_8,1048576,32768,8,5,bitmap,510,15017695,131072
overlap_8,1048576,32768,8,6,heap,29,15219528,192
overlap_8,1048576,32768,8,6,windows,343,15035352,576
overlap_8,1048576,32768,8,6,sort,38,15067182,131072
overlap_8,1048576,32768,8,6,bitmap,501,15027578,131072
sparse_32,1048576,2048,32,0,sort,811,15011641,8192
sparse_32,1048576,2048,32,0,bitmap,1304,15008318,131072
sparse_32,1048576,2048,32,0,heap,492,15003338,768
sparse_32,1048576,2048,32,0,windows,1949,15001304,768
sparse_32,1048576,2048,32,1,sort,809,15018092,8192
sparse_32,1048576,2048,32,1,windows,1976,15002463,768
sparse_32,1048576,2048,32,1,heap,490,15029824,768
sparse_32,1048576,2048,32,1,bitmap,1341,15007693,131072
sparse_32,1048576,2048,32,2,heap,491,15019214,768
sparse_32,1048576,2048,32,2,windows,1957,15006819,768
sparse_32,1048576,2048,32,2,sort,810,15009553,8192
sparse_32,1048576,2048,32,2,bitmap,1316,15003306,131072
sparse_32,1048576,2048,32,3,heap,489,15002769,768
sparse_32,1048576,2048,32,3,bitmap,1341,15010192,131072
sparse_32,1048576,2048,32,3,sort,810,15008486,8192
sparse_32,1048576,2048,32,3,windows,1971,15007271,768
sparse_32,1048576,2048,32,4,sort,809,15005552,8192
sparse_32,1048576,2048,32,4,bitmap,1305,15000163,131072
sparse_32,1048576,2048,32,4,heap,491,15004119,768
sparse_32,1048576,2048,32,4,windows,1961,15002753,768
sparse_32,1048576,2048,32,5,sort,810,15014017,8192
sparse_32,1048576,2048,32,5,windows,1973,15005945,768
sparse_32,1048576,2048,32,5,heap,487,15003770,768
sparse_32,1048576,2048,32,5,bitmap,1337,15004556,131072
sparse_32,1048576,2048,32,6,heap,490,15020961,768
sparse_32,1048576,2048,32,6,windows,1961,15000290,768
sparse_32,1048576,2048,32,6,sort,809,15002683,8192
sparse_32,1048576,2048,32,6,bitmap,1335,15009941,131072
medium_32,1048576,131072,32,0,sort,8,17063660,524288
medium_32,1048576,131072,32,0,bitmap,144,15059228,131072
medium_32,1048576,131072,32,0,heap,8,15923471,768
medium_32,1048576,131072,32,0,windows,80,15075324,768
medium_32,1048576,131072,32,1,sort,8,16904446,524288
medium_32,1048576,131072,32,1,windows,80,15070509,768
medium_32,1048576,131072,32,1,heap,8,15990872,768
medium_32,1048576,131072,32,1,bitmap,150,15051311,131072
medium_32,1048576,131072,32,2,heap,8,15888029,768
medium_32,1048576,131072,32,2,windows,80,15071461,768
medium_32,1048576,131072,32,2,sort,8,17110661,524288
medium_32,1048576,131072,32,2,bitmap,148,15087249,131072
medium_32,1048576,131072,32,3,heap,8,15891749,768
medium_32,1048576,131072,32,3,bitmap,151,15049328,131072
medium_32,1048576,131072,32,3,sort,8,16779509,524288
medium_32,1048576,131072,32,3,windows,80,15047616,768
medium_32,1048576,131072,32,4,sort,8,16859900,524288
medium_32,1048576,131072,32,4,bitmap,147,15015137,131072
medium_32,1048576,131072,32,4,heap,8,15877461,768
medium_32,1048576,131072,32,4,windows,80,15083281,768
medium_32,1048576,131072,32,5,sort,8,16794358,524288
medium_32,1048576,131072,32,5,windows,80,15081918,768
medium_32,1048576,131072,32,5,heap,8,15965420,768
medium_32,1048576,131072,32,5,bitmap,151,15056456,131072
medium_32,1048576,131072,32,6,heap,8,15868215,768
medium_32,1048576,131072,32,6,windows,80,15149027,768
medium_32,1048576,131072,32,6,sort,8,16877510,524288
medium_32,1048576,131072,32,6,bitmap,148,15013970,131072
dense_32,1048576,4194304,32,0,sort,1,80654916,16777216
dense_32,1048576,4194304,32,0,bitmap,4,16374779,131072
dense_32,1048576,4194304,32,0,heap,1,70273927,768
dense_32,1048576,4194304,32,0,windows,3,17058383,768
dense_32,1048576,4194304,32,1,sort,1,81157449,16777216
dense_32,1048576,4194304,32,1,windows,3,17049786,768
dense_32,1048576,4194304,32,1,heap,1,70538206,768
dense_32,1048576,4194304,32,1,bitmap,4,16328419,131072
dense_32,1048576,4194304,32,2,heap,1,69661245,768
dense_32,1048576,4194304,32,2,windows,3,17043077,768
dense_32,1048576,4194304,32,2,sort,1,80200107,16777216
dense_32,1048576,4194304,32,2,bitmap,4,16415754,131072
dense_32,1048576,4194304,32,3,heap,1,70426386,768
dense_32,1048576,4194304,32,3,bitmap,4,16227790,131072
dense_32,1048576,4194304,32,3,sort,1,81395535,16777216
dense_32,1048576,4194304,32,3,windows,3,17197090,768
dense_32,1048576,4194304,32,4,sort,1,81671937,16777216
dense_32,1048576,4194304,32,4,bitmap,4,16502680,131072
dense_32,1048576,4194304,32,4,heap,1,70452023,768
dense_32,1048576,4194304,32,4,windows,3,17007728,768
dense_32,1048576,4194304,32,5,sort,1,80380272,16777216
dense_32,1048576,4194304,32,5,windows,3,16974127,768
dense_32,1048576,4194304,32,5,heap,1,70700165,768
dense_32,1048576,4194304,32,5,bitmap,4,16294506,131072
dense_32,1048576,4194304,32,6,heap,1,70181433,768
dense_32,1048576,4194304,32,6,windows,3,16985731,768
dense_32,1048576,4194304,32,6,sort,1,80668079,16777216
dense_32,1048576,4194304,32,6,bitmap,4,16444607,131072
overlap_32,1048576,131072,32,0,sort,10,16197665,524288
overlap_32,1048576,131072,32,0,bitmap,149,15015940,131072
overlap_32,1048576,131072,32,0,heap,6,15530018,768
overlap_32,1048576,131072,32,0,windows,80,15146162,768
overlap_32,1048576,131072,32,1,sort,10,16463001,524288
overlap_32,1048576,131072,32,1,windows,80,15130950,768
overlap_32,1048576,131072,32,1,heap,6,15705348,768
overlap_32,1048576,131072,32,1,bitmap,151,15086067,131072
overlap_32,1048576,131072,32,2,heap,6,15467558,768
overlap_32,1048576,131072,32,2,windows,80,15123589,768
overlap_32,1048576,131072,32,2,sort,10,15952147,524288
overlap_32,1048576,131072,32,2,bitmap,148,15003338,131072
overlap_32,1048576,131072,32,3,heap,6,15516141,768
overlap_32,1048576,131072,32,3,bitmap,144,15005386,131072
overlap_32,1048576,131072,32,3,sort,10,16339039,524288
overlap_32,1048576,131072,32,3,windows,80,15127689,768
overlap_32,1048576,131072,32,4,sort,10,16301188,524288
overlap_32,1048576,131072,32,4,bitmap,149,15043741,131072
overlap_32,1048576,131072,32,4,heap,6,15698643,768
overlap_32,1048576,131072,32,4,windows,80,15120194,768
overlap_32,1048576,131072,32,5,sort,10,16323286,524288
overlap_32,1048576,131072,32,5,windows,79,15088224,768
overlap_32,1048576,131072,32,5,heap,6,15601443,768
overlap_32,1048576,131072,32,5,bitmap,151,15084128,131072
overlap_32,1048576,131072,32,6,heap,6,15455148,768
overlap_32,1048576,131072,32,6,windows,80,15100760,768
overlap_32,1048576,131072,32,6,sort,10,15982428,524288
overlap_32,1048576,131072,32,6,bitmap,147,15049080,131072
